NDC,frequency
338001702,67132
338004904,60177
338004903,57953
409672924,55530
517570425,53073
51079025520,51551
338004902,51160
338070341,47968
338355248,44550
338004938,44109
338011704,40820
456066270,37835
63323026201,32815
55390007310,29176
88222033,26585
8084199,26382
58177020211,25052
517260225,24465
58177000111,23730
74610204,23379
904224461,23122
182844789,22884
517391025,22658
338055318,21995
409176230,20963
641040025,20865
2831501,20747
2821501,20483
409665305,20455
61553008348,19940
8092355,19707
338055002,19399
409490234,19338
904516561,19142
409792337,18268
51079000220,18222
517571025,18017
338001704,17830
781305714,17503
574705050,16655
409198530,16396
338008504,16276
121054410,16178
904404073,15229
51079080120,15205
49502069724,15099
338001731,14834
409729501,14491
10019016312,14395
10019003867,13915
517090125,13674
64253033335,13547
63739008901,13362
487980125,13086
56017275,12633
74198530,12494
338001703,12426
56016975,12378
63323026965,12056
338004304,11710
409128331,11673
54569523500,11577
55390000401,11509
409610204,11311
54848616,10968
8290036005,10913
406055262,10902
713016550,10747
904526161,10612
2735501,10603
74407532,10563
406051262,10544
63323031110,10533
245004101,10461
58177000104,10222
409131230,9900
63653117103,9812
338004931,9738
310030011,9162
10019003783,9158
17314931102,9142
74665305,9057
45025501,8987
264751020,8935
338067104,8870
60258000601,8817
143987310,8743
51079041720,8474
409662502,8405
74148402,8383
409125830,8352
409779362,8339
56017075,8269
62584078833,8266
63323026920,8192
63739002401,8002
54839224,7917
703450204,7841
121065721,7728
409433201,7692
10019002710,7520
487950125,7498
74779362,7302
63323061603,7284
338002304,7117
17714001110,7088
45050130,6943
165002241,6904
641037625,6799
51079012620,6684
63739027201,6571
703115303,6413
54829725,6378
66553000401,6350
536338101,6326
74233411,6322
51079038620,6309
51079001920,6248
10019051002,6211
60505068104,6119
904399061,6064
74177825,6046
338519741,6017
517293025,6015
121043130,5986
904777261,5926
66689036430,5912
51079055271,5882
67467064301,5820
338070948,5811
55390034810,5698
10019017644,5685
2751001,5678
56017675,5659
55390005710,5581
6494300,5580
469061711,5547
50242004413,5539
54001820,5511
409665106,5463
74176230,5446
781345295,5375
904770418,5369
206886202,5362
45152510,5348
51079096620,5282
677178110,5231
51079090620,5168
409781124,5135
8081401,5003
17714002001,5002
74781124,4968
409148402,4925
6473900,4890
10019002803,4886
67618030011,4859
597001314,4842
597008717,4841
904053061,4801
172375810,4768
206885216,4701
2445385,4675
6353750,4638
8092303,4592
54829925,4588
409739172,4507
93521193,4458
71015540,4426
45152010,4400
338500241,4345
74662502,4340
310027539,4325
24540134,4317
88120806,4264
338069104,4217
45006801,4212
310032520,4211
406717162,4205
51079045420,4204
51079000522,4181
74125901,4176
3045051,4098
63323001302,4069
182050789,4058
9090020,4019
10432017002,4001
944049101,3993
55390013020,3991
904150061,3919
55390014710,3908
51079045620,3861
172531210,3781
300304613,3754
74302401,3753
548301200,3732
63323061401,3720
63323047401,3706
173024256,3693
17270072101,3678
51079028520,3652
74180001,3650
52959067430,3634
173044202,3610
54465025,3564
74792201,3555
54872425,3539
472500360,3521
54872625,3518
34120081,3518
8418806,3507
85036207,3450
49502069703,3430
74176201,3406
51079004120,3385
74144304,3376
409180001,3376
409117830,3370
10019001303,3369
49502068524,3368
10019002804,3368
51079045120,3359
409477702,3346
63323038810,3327
51079087101,3318
63323018410,3308
74729501,3293
63323022110,3287
517760425,3287
54001720,3261
338105102,3255
63323016101,3254
74241612,3248
74158411,3232
517460525,3230
182845389,3224
68094020462,3215
264310311,3213
11098003002,3201
338008904,3164
71015823,3150
60505260400,3107
63323016501,3103
338001710,3080
74115170,3075
182116189,3074
10019001617,3065
338070541,3061
51079090520,3049
338268975,3029
517570225,3023
172376010,3017
51079033530,3012
904198861,3000
66591018442,2995
409915801,2994
409606211,2984
87057007,2982
33332001001,2963
51991045757,2962
904504561,2938
51079007220,2937
469065773,2932
60977045101,2908
409127332,2900
206885516,2898
182138167,2887
45006701,2865
58177032304,2857
33332001101,2851
71015640,2846
904272561,2838
74131230,2832
43825010201,2830
406051201,2826
182117089,2825
51079074520,2820
409163802,2809
548590000,2799
54868277600,2797
74915801,2789
182853489,2779
310030050,2778
61553011841,2769
69153041,2766
172438210,2758
338001738,2756
2871501,2756
55390046001,2745
17478093401,2733
64065001,2731
60505251903,2729
9338901,2706
51079075920,2697
338001701,2687
51079000620,2685
310013039,2658
7313705,2640
172439018,2620
63481062375,2610
6096328,2609
59310057920,2596
24115510,2569
182402889,2541
63481068706,2524
54864816,2513
74438220,2511
703270403,2465
206845525,2460
46287000660,2458
74131701,2454
781188313,2442
641049125,2437
4026001,2432
256015201,2428
409663734,2396
74241512,2395
409126130,2371
59772704602,2366
8058107,2354
63323031461,2348
25010040515,2346
54354563,2342
245010450,2337
63323054011,2315
51079090601,2299
54162055007,2296
6004368,2268
55499120401,2259
74665106,2245
74258702,2237
4003822,2229
71015723,2220
54865024,2215
45006601,2212
68516521402,2208
641141035,2193
409491134,2189
63323030201,2174
51079020520,2166
51079010320,2153
264751010,2142
54865724,2140
23050601,2135
310030022,2135
88171249,2112
378001801,2107
54817625,2105
62174057751,2092
641036725,2085
51079069020,2082
51079007320,2065
300154430,2061
85113601,2053
50474059540,2052
58160087346,2048
61553019648,2021
121174410,2017
31670972,2008
206845216,1995
51079074620,1990
409131701,1973
143988225,1969
63323017302,1962
4200278,1955
310032130,1946
173069602,1939
186109239,1931
603385521,1923
597005801,1908
904107061,1901
9019016,1901
61553015311,1897
67033062,1890
409724101,1888
641039425,1878
9011319,1870
74158302,1869
469060773,1866
172531110,1863
24120301,1842
310013239,1823
74662411,1814
50474000263,1810
641092825,1794
60505083404,1792
55390056510,1792
338035703,1787
66591091332,1776
597008214,1774
9514001,1748
74455211,1741
74780922,1736
59762306003,1729
904530661,1722
68084006501,1716
186109039,1713
68516521102,1704
173071920,1678
574703412,1674
51079029920,1666
310013110,1666
406055201,1662
338500341,1658
58160087546,1644
34180080,1634
52769025105,1628
71080540,1627
74131202,1618
74518211,1607
15127020017,1584
641240341,1576
182864389,1562
74490223,1561
51079068420,1556
51079088120,1547
61553020648,1537
51079078820,1534
51079093120,1532
78024815,1529
74434113,1529
781210301,1526
173038354,1525
71015740,1525
172375910,1524
143988125,1519
182055489,1511
904054460,1511
409115170,1509
74792337,1502
173099501,1498
49884002901,1490
904174861,1488
641049325,1485
50383068304,1484
78024615,1481
29152611,1474
904150161,1471
58468002101,1471
172436560,1469
67919001101,1461
51079028620,1443
74771503,1440
59762153005,1415
68084007001,1415
74125801,1409
597007575,1407
25540134,1405
409477750,1404
75245101,1400
173034447,1400
245008201,1393
54881611,1388
67094915,1387
13830304,1370
121176130,1369
74126102,1368
74697805,1366
338080704,1364
49884079474,1358
74491023,1355
338105548,1352
409471332,1349
74233326,1346
55390016110,1345
74606211,1344
172541310,1344
74663722,1341
71036940,1339
338601048,1336
69306086,1335
74131702,1334
487980130,1330
53746027101,1329
10019055302,1323
16837085839,1321
65847020525,1321
63323036920,1317
54855424,1307
338067504,1305
57664027408,1304
91440123,1301
32909071503,1298
87611142,1297
168001231,1296
338005403,1291
58177029311,1270
51079002420,1266
54830125,1262
51079001420,1256
75062430,1255
338050941,1255
74797308,1252
51079092920,1252
58177022211,1251
173024956,1248
63402051224,1246
245005301,1242
182125989,1233
51079039620,1231
406035762,1228
338100702,1224
51079045820,1224
63739007910,1223
74978901,1211
245021201,1211
63323022905,1209
121048910,1205
66582041428,1202
51079028120,1202
63323038310,1199
51079000720,1193
2411533,1191
51079097220,1185
781155613,1181
54817525,1177
59730640201,1168
173068254,1167
62991150902,1158
51079098320,1154
54327099,1144
6011728,1140
14789040005,1139
67286081203,1138
264958720,1132
71015523,1132
7440701,1131
71015892,1126
24477032302,1117
409302401,1114
51079052720,1107
37205014472,1097
4026449,1088
55390007710,1088
74567102,1083
63323024710,1078
11980002515,1077
186103301,1065
71036240,1061
223176001,1057
49502068503,1054
74372301,1052
409116202,1049
9011312,1049
338114403,1048
51079077120,1045
713016512,1045
10019001654,1035
51079011620,1030
54301050,1027
338080304,1024
54872525,1023
87606005,1019
143178701,1017
766145010,1016
78035806,1014
338101948,1011
67386071155,1006
16837086012,999
61570042001,996
75062040,994
55390048001,994
63323025803,987
54868410300,986
182004701,982
173041200,980
4029809,979
51079036430,977
63739035410,972
409117102,970
173071900,963
51079008620,960
9001104,957
68084033701,954
9076502,945
67434504,943
121475210,940
62584072533,938
74234632,933
66553000801,933
10019005561,931
7336721,931
74724101,928
93730165,918
54855324,915
591040701,915
74706811,915
51079073320,911
59930156001,909
11509021265,904
74127332,901
51079060520,901
74490234,900
406833062,900
71015623,897
51079080220,895
54023524,894
71400705,891
68021217,889
75062280,889
310032165,888
51079074720,887
23031204,887
74663734,886
51079028621,886
2411233,885
186108839,884
409379501,884
54418425,880
93008801,878
6095228,878
37205036174,878
51079081020,870
74228831,869
555099702,868
703095803,864
49884079374,863
172572810,861
51079054220,861
78027422,860
17478006235,854
168032608,850
904580861,845
63323054207,842
54569189502,838
63323023861,837
904585361,836
182181089,835
603137859,830
49281075221,830
55390088010,829
6095128,826
172567310,826
517750425,826
942064104,825
641255545,824
4026129,823
74156410,823
338012504,817
4692506,817
59676030401,816
143120125,812
50962025160,812
64764054411,809
703940204,808
55390020910,808
51079007420,805
74379501,805
2751101,804
74131201,803
63323039923,803
74739172,796
68084020601,796
517490125,793
182178989,792
338040360,791
62856024541,791
49452477503,789
6361932,787
363069338,787
50458093010,781
10019002902,781
173032188,780
11523726808,780
310075239,779
409158411,778
406831562,777
63323010510,775
51079098020,775
469305130,774
456201063,768
7313505,768
121075210,767
71000740,765
55390003710,765
409662902,758
182055589,756
574200202,755
10135033063,751
641607325,751
24208091019,748
409771503,746
59011010320,746
703102930,742
58468013001,740
51079093020,739
7413920,737
121063810,734
50111032703,731
85330601,728
51079007520,726
469321110,726
78010901,722
65649030105,722
904344061,719
6382310,714
51479004115,713
409405201,709
51079081220,709
54850016,708
8083303,706
52268010001,704
703102030,700
49669521303,693
51079059820,692
75062160,692
45802073032,692
51079064420,691
66479056012,690
338001304,687
173041300,684
51079073420,681
58177009111,679
58177023811,677
59011010020,673
781711255,671
23917705,669
51079052920,666
310027139,659
71000724,658
54858516,655
51079000420,649
74117830,648
54858224,641
591083960,635
51079095220,633
45065910,632
51079075620,631
51079020620,629
517460125,627
8058113,625
591577710,622
173049800,621
51079030020,621
9082501,621
51672402301,620
49490041,619
59011010010,618
264934155,614
85411001,614
74929613,612
121053005,612
68084008165,610
74659413,610
172474110,606
49884094174,606
51079082120,606
904282161,600
51079028420,599
904585461,599
182820289,599
55513053010,598
904336561,598
55513014410,597
51079028220,594
517040525,593
409121201,591
15740520,589
69315083,588
50474059240,588
472128416,588
58468002001,587
781573413,586
74724803,585
168007011,585
6340617,585
55289061401,584
10019025112,584
51479005520,583
904215461,582
4200378,579
59676031001,578
54569391600,578
52010590,577
6003121,576
378002801,575
52769045050,575
59762501601,571
51079078720,570
49001483,568
59762501801,568
58468008001,565
87036503,565
173037934,564
338101102,563
71080340,561
60976034647,560
173069502,559
54022463,558
64980010401,558
51079029420,557
10019002703,556
53768002,555
6382210,555
378032701,555
7414020,555
135019502,555
6073528,554
6351659,552
9019009,552
50962080060,552
10019063002,551
9513503,549
409130431,548
409427601,547
8029501,546
59730640101,546
74437805,546
74141204,539
310075590,537
781711155,537
63323006661,536
61570042003,533
4006850,533
406577162,532
64253022233,529
168005430,529
904567761,528
74300000068,527
49281054505,525
6487600,525
731040106,521
75062300,521
55513007330,521
11098003005,520
54092000401,519
68084007965,518
469065711,517
56017375,517
67033022,517
49884078253,515
7414120,513
64019053825,511
51479005420,510
173052000,510
378447201,510
641276543,509
9017103,509
51079002320,509
406206890,509
87601142,508
781711455,508
85174102,507
10939033733,507
50111030801,507
904565661,506
487590199,504
50474059440,504
173069700,503
87701071218,501
777310533,500
49318030,499
456402063,498
49343041,497
597003112,497
4694003,496
228249710,496
51079032220,495
63323016201,494
121177505,493
338051141,492
182004789,492
10019007587,490
54008620,488
54873925,482
338050741,481
26855463,481
4080085,479
54829816,479
173069604,478
49319028,478
51479005530,477
591315901,476
50458016601,473
409915701,472
63323039810,472
904571135,470
54001920,469
51079092820,468
173049400,467
143989701,465
143120101,465
54839424,463
703951403,461
54815624,459
11509021217,458
258368790,457
54092000301,456
52544093001,453
54856304,448
59011010525,448
9513502,448
409492834,446
78035906,445
781711355,445
63824000840,444
55390056630,444
65649020175,442
50580060150,441
93065701,441
69152068,440
51079010720,437
78035934,435
517180525,434
59676030301,433
555098040,431
904052361,431
54569281400,429
49343526,427
173099156,425
245006101,423
65649030303,423
41679036513,421
19481604,421
115821101,421
71201223,419
58177025504,419
283067902,418
66479053002,417
93435693,417
6074928,417
517101025,417
54874025,416
409419701,415
228206710,414
168001131,414
904792260,413
186108805,412
78112001103,410
143147501,409
74163802,408
51079032730,408
409158302,405
548146900,405
456261490,405
37000002404,405
51079095120,402
517155025,401
71080640,400
555077002,399
186021003,398
2324033,397
591040401,396
10019010210,395
74491134,395
85171603,395
54569336000,394
54023755,394
8104110,392
10019002802,392
51079079001,391
61314063705,391
54817925,390
378252093,389
61314022705,389
50458092510,388
51079007620,387
78042306,386
29608031,386
65041435,386
173017755,385
61958040101,385
55390076210,384
517209625,383
74130401,383
45051372,383
2411260,383
574082301,382
74793124,381
338043103,378
409978901,377
62756051344,376
52959005500,376
42023012225,376
338050748,374
51079097120,373
2202402,372
51079028320,370
63304052020,369
51079006720,368
74630413,367
52044115,367
60505008000,366
338604648,365
93046301,365
781210401,364
517003125,364
223197101,363
597003334,363
168000715,363
51079016120,362
548301100,362
409163201,362
63323007620,360
536242558,360
87057009,360
173054700,358
26851348,357
74380511,356
409230801,354
8103105,352
186109005,352
641047725,350
54008826,349
338051902,348
74568216,347
5197067,347
132010915,345
6007228,345
63304094110,343
55390050002,342
8121801,341
74438010,338
74212202,336
54872925,335
338068704,334
63323065820,332
3517806,332
60258011130,331
51079047821,331
597007506,330
256018501,330
74621511,330
409144304,329
409648201,328
338001602,327
62053053425,325
9337502,325
68084028401,324
245008011,324
456320563,324
53014085072,322
85172202,322
115703301,322
15710328,321
641111834,321
395421010,320
67014568,320
63323037601,319
71101268,319
258368890,318
59310017780,317
29321121,317
904399161,316
182074767,316
51079081120,315
37000002901,315
8103006,314
63304020301,314
641149535,313
51079019020,313
781570192,312
68387029330,312
409672923,310
51079008920,310
50419015057,308
2759701,307
74349201,307
51079066820,306
71101441,305
75062041,305
131422009,304
406851501,304
58468012601,304
703904003,301
74612390,301
74707013,301
88110749,300
9337501,299
74663322,298
54814622,298
338004501,296
7365021,296
245009101,296
54818125,294
548124000,292
63739026110,292
26285548,291
597000160,291
182008601,290
54162060002,290
904552461,289
4014301,288
536407701,286
143125401,285
54868438100,284
536479901,282
50458030001,281
51079013320,281
781893285,280
54812025,280
61958070101,280
168001135,280
54408425,277
456261263,276
33332000801,276
904586761,276
703841101,276
59676030201,275
63323087715,275
597006111,275
165005441,275
4025901,275
168014231,275
74490334,274
45064165,274
338004901,272
145062805,272
50419010511,272
52268020001,272
68094019361,272
49343626,271
172438110,271
406112101,271
456261390,270
55390048101,270
74121201,269
173066200,269
49491041,268
63323020110,268
78018101,267
172364910,267
944270005,266
60793058110,266
50111085101,266
9001201,265
65035902,264
59011010325,264
62584071301,263
49884055001,262
9075801,262
75062281,261
149075215,261
63323002101,261
55513012610,260
777310402,260
51079042820,259
51079041820,257
52959036100,257
55513054610,256
71053240,256
93894393,256
173094755,255
713010213,255
68084004501,254
173047001,254
61314065625,254
121046230,254
51079087201,253
2445485,253
74198510,252
186580030,252
469087202,251
904582460,251
173064255,250
25021011210,250
74806201,248
58914011110,248
310027839,248
2850101,247
78033705,247
51079054120,246
766146010,246
54569384900,244
68084024711,243
74492818,243
74611411,241
51079013120,241
51655007924,241
310027239,241
54834425,240
74165801,239
904504260,239
54811616,238
781139313,238
93527201,238
44101710,237
245014701,237
52073112,237
44206025110,236
63323036820,236
409509216,235
51079009520,234
45063965,234
59011010310,233
802396216,233
74662902,232
24477003025,231
15797020,231
904521735,231
51079045020,231
60574411101,230
904782231,229
641139735,228
409427701,228
206886201,227
436515110,227
74568113,227
54834525,227
51079052420,227
51079068520,227
24208073501,227
641047625,226
78018201,225
4003909,224
74909431,224
51079051920,223
39007810,223
58160084111,223
54375150,222
338085104,221
409793124,220
56017475,220
78018103,219
52010730,219
456068801,219
85117701,219
59011044225,218
713010113,217
74130431,217
58177032418,217
74621411,217
87040303,216
50242005306,215
2411733,215
51079060420,215
6362050,215
67386050155,214
409669501,214
55513026710,213
59148000835,213
364049590,213
641243645,212
68462014645,212
32160280,211
49502050001,211
51079027720,211
55513054601,210
8489800001,210
63323026530,210
33332001201,209
54092025290,208
16590047704,206
49884046565,205
66203230001,205
29152722,205
9014102,204
50474000148,203
378037301,202
409909422,201
409234632,201
29321013,200
88120329,200
2323560,199
54834225,199
8002707,199
63653133202,199
54121842,197
338081104,197
3083050,197
904385561,197
904518661,197
409434673,196
49884090738,196
132000119,195
44182210,195
904578961,194
9454401,194
53014097572,194
904213761,194
44182610,194
59390006717,194
781210201,193
904552261,193
50458092010,193
59762501701,193
7336203,193
87277235,192
4026501,192
409724803,191
2841501,191
57706075560,191
25103134,191
338604537,190
74125830,189
66993010702,189
60505056802,189
75062161,188
59011041020,188
68084030401,188
58160087646,187
904600161,187
50458003405,187
23360015250,187
63653133203,186
3043730,185
75062301,185
904567661,185
472073041,185
65293000101,185
61787006204,184
8103110,184
78014923,184
85170103,183
50458003305,183
71307513,183
168020437,183
409205105,182
409217205,182
54162050001,182
63459010101,181
4005850,179
143129001,179
904771961,179
409672903,178
74128301,178
69419068,178
904565261,177
29315818,177
23866505,177
17478071110,177
51479004801,176
597003212,176
64764015104,175
51645090501,175
68084018301,174
781323909,174
469325010,174
57664013565,173
597003234,173
182144464,172
55390016010,172
55390010901,172
338107302,172
173063302,172
8290003528,171
904041161,171
54853516,171
67457021720,170
131181067,170
781320495,170
591319301,170
93003901,170
78012706,170
37205036374,170
173038879,170
87701083336,170
169183311,169
904627761,169
51079060120,168
78008406,168
186033001,168
2717510,168
60432003864,167
10019003539,167
32121201,166
87058011,166
4016201,166
74114102,165
78033184,165
75245201,165
338004802,165
173093356,165
51079027920,163
173094955,163
83002732,163
49052083,162
55390012210,162
591319872,162
52544092226,161
61703022521,161
781710955,161
703095603,160
54569475100,160
75062431,160
63323013011,160
51079079320,159
61553018352,158
8290301025,157
74706911,157
6362836,157
517077010,157
4196401,156
83000730,156
10939020111,156
59762503001,155
54355663,155
64679093602,155
4691106,155
68094050361,155
88120632,154
173047100,153
93528401,153
51079008520,153
66685100101,153
6362835,153
58016074000,152
168000480,152
781310395,152
904563161,151
50458030201,151
31867412,151
61703041463,150
68050861,150
39001910,149
74660902,149
245018101,148
10139090510,147
74010304,146
63323065102,146
74647844,145
173046500,145
182181144,144
93310793,144
281032608,144
51079098620,144
54569463100,144
409427501,143
338004910,142
300304611,142
548604325,142
8078102,142
23918703,142
641039525,141
66591023921,140
54569018100,140
51079052020,140
54023624,140
15740420,140
55390011010,140
29609039,139
172567410,139
29152725,139
54868311105,138
904292061,138
51079012220,137
15054841,137
44101101,137
9454101,136
6384371,136
8077102,135
228263111,134
50458030206,134
51079076220,134
49001383,134
436094616,133
182264789,133
998061505,133
74241421,131
187301030,131
6007428,131
66685100202,131
173017855,131
536478701,130
51079089320,130
781940895,130
56051030,129
2755901,129
74380711,128
24477001015,128
75291201,128
51079089520,128
173013555,128
781526664,128
49281058905,128
10019003372,127
186023003,127
85175502,127
66993084225,127
26851248,127
536454410,127
378910493,127
64100001,127
472132002,126
406048462,126
9000402,126
781317796,126
409212202,126
83260104,125
338102541,125
39822020501,125
173069504,125
54009720,125
50474059140,125
50458022115,125
50458003605,125
66220020730,124
59730420301,124
338068304,124
4014401,124
61703020431,124
121053107,124
55390013301,123
78024015,123
50458032001,123
62175044214,122
78012606,122
2475977,122
91370701,122
182013801,122
59762093002,122
6336703,122
173051700,121
409317801,121
61570011201,120
172436310,120
49884072401,120
29315913,120
74336811,120
777512058,119
517030110,119
68084003101,119
57480043401,119
53489040001,119
49342041,118
406052710,118
64764015105,118
173066101,118
51079002720,118
44182712,118
54828104,118
55513014810,117
65649030103,117
63323054031,116
781312495,116
338114703,116
49884060036,116
60492005101,115
74245327,115
26884148,115
87607005,115
74679922,115
3362412,114
51079076820,114
53489038601,113
6022761,113
10019063101,113
32121001,112
54092018981,112
51079043520,112
11098001001,112
63323064907,112
10019003473,111
51079043720,111
60505018500,111
93738201,111
766004548,111
472032126,111
781340495,111
60793020505,111
338040903,110
29316020,110
47682021701,110
536476301,109
904421813,109
78045735,109
168001531,109
15309520,108
169750111,108
49452355001,108
904505359,108
51079001520,108
11701005032,108
8499002,108
49053028,107
74132305,107
4012149,107
9361702,107
85132801,106
26855236,105
38485120401,105
54569108800,105
55045122403,105
69420030,105
60505258500,105
51479004215,104
63323031510,104
55370088408,104
74492834,104
24208033005,104
143978510,104
68084026701,103
78031905,103
713013512,103
60574411401,103
66591080030,102
904322035,102
51079066420,102
69580043,102
904105661,102
182055789,102
64764045125,102
245018201,102
53489036801,102
65026625,102
60505250403,101
904567861,101
49938010101,101
59762503201,101
517481025,101
121041910,101
45044804,100
591359160,100
58177003106,100
51079005820,100
74612290,100
48107013,100
6336603,100
703514001,99
54569041702,99
69581043,99
72140003147,99
703407559,98
60574411301,98
781132813,98
48104013,98
69308030,98
904579461,98
44182512,98
62543001,98
10019095601,97
67386051151,97
338102341,97
87040203,97
904208560,97
51079008320,97
50458003505,97
54808425,96
91371501,96
68774012060,96
406839062,96
50383074120,96
74259605,96
10019021302,96
58016032730,95
71036524,95
456261563,95
8083703,95
68084008601,95
51079026720,95
78032705,95
781526564,95
74104004,95
51479004210,94
25152531,94
74704101,94
591319101,94
10631040701,94
50242008527,94
51079098120,93
54859511,93
65597010330,93
6074961,93
44182310,93
51079078320,93
6371350,93
50580029304,92
55390020401,92
55390012301,92
26285570,92
904578561,92
904564061,92
54569241100,91
597013560,91
9454402,91
173066100,91
74636902,90
8070402,90
49155066,90
17314940002,90
74104008,90
49281086010,89
51079076708,89
517490525,89
409109732,88
26885148,88
456201001,88
603385621,88
168035755,88
409653301,88
2324001,87
49317030,87
904553561,87
74300000533,87
3224011,86
60505258600,86
591079601,86
39822061501,86
10267146501,85
71052740,85
131247735,85
51079027820,85
71053040,85
597018390,85
44502210,85
58914078510,85
49281029810,84
186021503,84
51079063020,84
61958060101,84
338917791,84
74126130,84
51079081320,84
59011010510,84
904555960,84
24156210,84
51079042420,84
10019007002,83
78011022,83
781104613,83
51002121,83
2324030,83
74380611,83
51079087320,83
48105013,83
406112201,83
173059500,83
58016050902,83
61314022605,83
63323004401,83
54350049,82
591071601,82
49281037415,82
89030510,82
51079087220,82
54858324,82
59011044020,82
48113013,82
168002131,82
186027613,82
74648101,81
54380563,81
51079014120,81
54852725,81
51079098501,81
172428510,81
378087199,81
338007704,80
61703041464,80
42998020301,80
51079078920,80
93015506,80
3042950,80
54092024701,80
54569536200,80
24208055555,80
64455099394,80
409401101,80
74434673,79
3272510,79
51479004901,79
149071001,79
54569138500,79
51079095701,79
54449625,79
52959045230,79
68850001202,79
51672125802,79
55513047810,78
29321548,78
58177088601,78
186116502,78
74190301,78
7489220,78
58177022204,78
74258611,78
67159011203,78
56052168,78
54569452500,77
245002322,77
2411560,77
34051425,77
8499020,77
187301220,76
23731605305,76
49999016850,76
78024115,76
11980018005,76
64501030,76
61379012005,76
61703041807,75
59772704701,75
74110202,75
74419701,75
338022104,75
83006230,75
536016097,74
71400810,74
38779057808,74
24279150,74
641018025,74
3223011,74
52268080005,74
39022211,74
51079067005,74
48102003,74
168002638,74
78031154,74
173044902,74
63323037701,73
409468823,73
61924018808,73
61570031311,73
51672201502,73
54868248901,73
50242010039,72
51079046220,72
50383023210,72
10139023511,72
338003003,71
29336030510,71
46086799,71
24208032405,71
55390003110,70
300154111,70
7323001,70
60793010401,70
9004902,70
59676056101,70
904563461,70
10356009004,70
6351936,70
501410507,70
472040030,70
517031010,69
51079022020,69
51079089101,69
2416530,69
597008461,69
59762503301,69
55390006210,69
54000725,68
51079037420,68
378699789,68
4026249,68
62856024641,68
60793010501,68
51079094420,68
50111048303,68
64501015,68
65064835,68
168000415,68
48102000811,68
51672125902,68
703565301,67
338049102,67
13310015307,67
75291202,67
172566410,67
68084044701,67
9361803,67
378087399,67
91464024,67
126008802,67
63323012250,66
61703030916,66
55390013110,66
63323038910,66
74405001,66
9454102,66
173020155,66
74312001370,66
172433110,66
2714001,66
52604710201,66
74798301,65
74120301,65
54376950,65
574012008,65
49396041,65
93077198,65
11980017405,65
55045213405,65
703877103,65
54569482100,65
50458059601,64
456064416,64
186198904,64
34051525,64
2411230,64
58016066890,64
83005232,64
172443510,64
54569473400,64
55390023301,63
59676010101,63
13746686,63
53905006501,63
65231002101,63
54368263,63
48108003,63
517540205,63
51079033230,63
310020137,62
781104801,62
904627861,62
59762503101,62
74194063,61
703424801,61
15740320,61
206882002,61
409141005,61
74233211,61
186070210,61
3196501,61
15050842,61
6006568,61
68084004411,61
66479002182,61
24486060110,61
24159601,61
50458030101,61
186109205,61
93947753,61
168016230,61
409427001,61
121050410,61
59676032001,60
15356302,60
63857032810,60
8083701,60
49276041,60
59011045401,60
185021001,60
68084018601,60
78038566,60
182000101,60
68094021462,60
472008216,59
409386302,59
517481010,59
53014084261,59
186502031,59
62584081301,59
173010856,59
591084501,59
574010777,59
472030680,59
121068305,59
63323073101,58
409403101,58
703352401,58
51079066520,58
78048535,58
75001600,58
10019002805,58
63323039306,58
74582010,58
121168305,58
7323211,57
59148000935,57
4001823,57
766147010,57
378911293,57
536138912,57
74427601,57
54569009300,56
93894093,56
6092558,56
310020130,56
44182110,56
591534710,56
12870000102,56
74300000300,56
9379401,56
409910420,56
67386061152,55
60505082306,55
93874001,55
536391301,55
39022311,55
781143901,55
37043001,55
173072100,55
51079089920,55
65401303,55
38341006545,55
49392083,55
54800204,55
87277331,54
74714811,54
597018590,54
74712611,54
24208075006,54
63323051610,53
264780020,53
74190201,53
904062960,53
64980013101,53
93528201,53
904052560,53
169008181,53
6351935,53
13258691,52
703480503,52
517013410,52
597010760,52
51079043620,52
904568461,52
25171001,52
7489020,52
149075202,52
51079097320,52
904597361,52
168008130,52
378087299,52
89130130,52
17191003500,52
54819216,52
472159591,51
186198804,51
487590101,51
85075604,51
71101468,51
51079089020,51
51079097020,51
67767015101,51
51079006001,51
78024915,51
56184012105,51
62161000334,51
74115112,51
93960412,50
10019002518,50
409780922,50
49999026728,50
59762024603,50
9003101,50
64764030115,50
3161112,50
53014054867,50
91415060,49
172566310,49
39022110,49
904598061,49
904597661,49
26886148,49
25010020515,49
50419010510,49
172428010,49
85061305,49
168000380,49
49002428,49
55390023210,48
338004303,48
781345196,48
4026706,48
74323601,48
182027124,48
74159304,48
4018301,48
51079052220,48
48109013,48
51079022120,48
49277041,48
59075059415,48
63629377401,48
29321213,48
54874325,48
66993004730,48
54009920,48
50383023310,48
52544047030,48
409190201,47
641041425,47
74403101,47
64894082550,47
52544071601,47
87081943,47
83000330,47
93022390,47
24414260,47
131248035,47
168001431,47
24515010,47
78043815,46
60432046600,46
264196210,46
23218105,46
62584081201,46
51079048101,46
69582043,46
74395977,46
54355563,46
59148000735,46
6003220,46
49938010130,46
2411633,46
65039605,46
186033036,46
54868348000,46
703841104,46
121064610,46
555080802,45
74454801,45
173099155,45
3362312,45
56047492,45
54852625,45
766150010,45
74395646,45
51079048620,45
149047201,45
93022290,45
51079020020,45
85173302,45
50458030104,45
52073110,45
338027203,44
75291501,44
78001715,44
59762308001,44
59676057001,44
78036864,44
61748001211,44
51079076608,44
51079075520,44
65065625,44
67399842,44
55390011301,44
149073402,44
54569105100,43
3363112,43
51079034820,43
49281048991,43
51674000901,43
185077130,43
6011731,43
93720198,43
8070401,43
173094556,43
65597070118,43
59676056201,43
56060128,43
25010021027,43
61958060201,42
781304095,42
63020004901,42
54352763,42
55045141500,42
338101341,42
5534323,42
9000602,42
78044805,42
186045158,42
6093628,42
536440601,42
51079005520,42
74621211,42
74630411,42
54868370400,42
42002030001,42
17478028435,42
93026292,42
23916332,42
186011291,42
63323010351,41
49281027183,41
74909332,41
409357701,41
409428201,41
8290823000,41
78032406,41
904264860,41
258368990,41
456261663,41
409492134,41
42023011510,41
51079089120,41
78042315,41
87606313,41
52544093102,40
49281028605,40
61703024615,40
338051802,40
65483070210,40
78017605,40
67286417701,40
169008481,40
456321063,40
78037615,40
93731601,40
12496130602,40
310028239,40
998030315,40
168004631,40
168032630,40
54868416700,40
74317801,40
35356024832,40
46287050030,40
61748004416,39
52544014926,39
338000404,39
206886002,39
15302020,39
904517416,39
54569482400,39
54092038701,39
62584089701,39
61958050101,39
54011625,39
54870725,39
186013701,39
186190501,38
173036238,38
61703040242,38
49884011701,38
87081843,38
781178501,38
51079097520,38
69421030,38
62584025901,38
904563561,38
93738001,38
49156066,38
65064305,38
49281048901,38
121053205,38
63323073410,37
78018001,37
641061025,37
51079063220,37
172234560,37
62037069790,37
91353701,37
83006130,37
72140045585,37
51079058205,37
904357161,37
781107101,37
9012101,37
8070101,37
29607531,37
60793013601,37
258361301,37
168027338,37
65066505,37
26556161,37
517501901,36
781315796,36
78018003,36
264197800,36
25152031,36
51079072120,36
4025001,36
49281086052,36
59075059215,36
54569040401,36
62584073301,36
6073128,36
63739026915,36
597004660,36
597008353,36
54569468300,35
74118002,35
338101741,35
45009569,35
61570011001,35
52604109401,35
310075139,35
74333330,35
60505056701,35
65027510,35
517857510,34
517250210,34
9338201,34
49397041,34
51079048120,34
93312701,34
74492134,34
555076202,34
62584075001,34
54453825,34
591564301,34
29485121,34
51079068320,34
904292461,34
68968449201,34
87607311,34
45802073233,34
58914050156,34
23024001,34
52045016,34
75905110,34
436058532,34
63323018001,33
15798120,33
206885416,33
50458030503,33
703352403,33
49281037215,33
59762501901,33
59762171002,33
60793011601,33
59075069010,33
310040260,33
597004661,33
74173214,33
364205101,33
50458039530,33
172428610,33
49452760002,33
39822105505,33
9079601,33
10019011501,33
51672404709,33
536222075,32
55390011405,32
74377805,32
9338202,32
3173840,32
904794160,32
51079061020,32
247120004,32
51079011520,32
378003201,32
50458060228,32
54485906,32
536354101,32
225029515,32
172571210,32
52010630,32
245000331,32
186035003,32
63256020005,32
781312595,32
52045015,32
54569532200,32
55390080901,31
409660902,31
54569317800,31
87057202,31
409614309,31
8880950505,31
51079081420,31
456045801,31
29608621,31
51079080720,31
46110281,31
17236032410,31
310028339,31
61314063305,31
65008515,31
65024605,31
378912198,31
54353244,30
173011318,30
703324811,30
9076004,30
64100133,30
6046106,30
49399041,30
54010625,30
49281029110,30
409189001,30
548604525,30
74227913,30
54413025,30
31067364,30
37000002104,30
378912298,30
68094019359,30
59148001315,29
54838054070,29
703507937,29
169183411,29
9338102,29
132010803,29
998033105,29
54569022500,29
24030506,29
149000905,29
555001105,29
46110081,29
63672105002,29
48106003,29
71053523,29
555044609,29
51079051820,29
51079000222,29
51660078701,29
51079086920,29
574703612,29
54569433200,29
14789030002,29
78031190,29
46074905,29
8536002,29
6498100,29
186013501,29
436093616,28
45034360,28
78032306,28
6046206,28
4038039,28
59148000613,28
904105561,28
186000431,28
62584078201,28
66591093142,28
378005201,28
378204201,28
115351101,28
59148002150,28
689112201,28
51079051620,28
59148000235,28
50458060128,28
45081015,28
641244045,28
418024510,28
781305780,27
186115002,27
44101725,27
74141005,27
2144401,27
597006661,27
39822010001,27
75291502,27
9035201,27
50458031528,27
245018001,27
8104005,27
17478028712,27
65024610,27
23317033128,27
45802005535,27
39822070602,27
88115330,27
63323040302,27
7506111,26
409477723,26
591321901,26
3196701,26
62856068010,26
9023301,26
54868021500,26
338269175,26
51079095901,26
186001628,26
2416502,26
51479004704,26
74382611,26
54868255700,26
61553025409,26
998030305,26
6362803,26
61314020315,26
2726601,26
63323042405,26
2750201,25
173066400,25
338027003,25
395200391,25
121073312,25
87701089415,25
65064725,25
58468012001,25
185094098,25
49281040015,25
5230933,25
7323411,25
49275041,25
51079006820,25
68115017430,25
9005002,25
310060060,25
93894701,25
781149731,25
67253020110,25
904627961,25
51079087020,25
78044205,25
185075710,25
24208046325,25
24135301,25
364290861,25
575022530,25
186103001,24
74420101,24
74915701,24
54569518100,24
7351920,24
68084008901,24
310070539,24
69551066,24
15050301,24
53014083572,24
9005605,24
904591361,24
25145134,24
904553661,24
904056060,24
6027731,24
63739024610,24
51079082020,24
904016012,24
409427902,24
60432021208,23
55390010810,23
61703040841,23
60976059871,23
13110679,23
469760040,23
597007541,23
4018401,23
64894080550,23
187355410,23
50458029001,23
258369090,23
54569204000,23
24385013395,23
50458030510,23
50458039660,23
59148000913,23
54412925,23
87076102,23
51079009020,23
62175017737,23
54868175201,23
78037606,23
51079048020,23
173093308,23
54569151300,23
10019016301,23
26819636,23
10939011801,23
63323038120,22
55390005210,22
61703022321,22
3161412,22
206845455,22
74118069,22
51079043820,22
54092038101,22
13530117,22
68051030,22
182441801,22
53905006504,22
169008281,22
78035680,22
54569170102,22
63739012710,22
54738091301,22
57844052206,22
62584074601,22
93117201,22
143148401,22
8001901,22
62037087130,22
998020215,22
50458003705,22
591321472,22
299382060,22
430302015,22
168000315,22
409317701,22
517265025,21
10019017844,21
74340001,21
68135045502,21
78018203,21
45802046564,21
9770901,21
54868152102,21
93312301,21
49884085692,21
25274234,21
16500002322,21
51660078401,21
5381638,21
6027528,21
63459040401,21
54868459500,21
60505250201,21
364217301,21
59148002050,21
74621213,21
74401390,21
53489046101,21
62856058230,21
68084027801,21
172428000,21
6351903,21
58768010002,21
998020615,21
378912398,21
61570017261,21
472120006,21
93026215,21
703239403,21
781613694,21
54848204,21
17317001801,20
15050541,20
409488850,20
641111433,20
57894003001,20
68180012401,20
53905099101,20
63323073310,20
10019028001,20
54868252200,20
18860067870,20
8083721,20
23791560,20
131541070,20
54868133201,20
46086881,20
68084027501,20
58063070510,20
4012549,20
64764091830,20
59762501501,20
50111098601,20
63459010001,20
45802073232,20
2861501,20
53767006,20
517420125,20
63323014210,19
55390060020,19
9513601,19
63323028110,19
59730839901,19
54868479600,19
187320010,19
74377804,19
409405001,19
6327516,19
186023503,19
51079074220,19
108380620,19
54092006301,19
78040105,19
85125902,19
25273234,19
85056605,19
49643013801,19
55390013910,19
51079088220,19
26286148,19
51079054320,19
78036815,19
49350079,19
51079079420,19
597018461,19
59075069181,19
54569124700,19
34700480,19
24208068615,19
24208058564,19
378912498,19
93026492,19
10939003722,19
66689032350,19
10019014501,18
409651049,18
54823301,18
62161000538,18
15322022,18
74230401,18
44087152001,18
641254745,18
78005303,18
10019021301,18
34210001,18
51285075402,18
59075068010,18
13533063603,18
39822027702,18
87075501,18
597019061,18
74228013,18
65649023141,18
781197101,18
781139713,18
78035105,18
8070102,18
172433010,18
10135011930,18
54868365200,18
54868349200,18
173019892,18
54868479700,18
65027105,18
10939086311,18
168002738,18
168005515,18
55390006710,18
781317414,18
63323016505,18
74427701,18
409318201,18
186011201,18
54569101800,18
409115902,17
42023011410,17
6394132,17
74205105,17
24120020,17
10019007001,17
74592201,17
74318813,17
781202701,17
49884049901,17
536119001,17
6057354,17
66435010142,17
46047181,17
74325503,17
51079008420,17
54868234003,17
59148000813,17
65473070401,17
53489033001,17
57866422403,17
54412125,17
555081502,17
378026101,17
555061214,17
60505258400,17
65473070509,17
13010201,17
91334201,17
24134803,17
54569035301,17
173099394,17
168014630,17
46087293,17
173023044,17
58406042534,17
10019001501,17
68059701,17
50458033001,17
409330803,17
23360005142,17
54319446,17
944262004,16
66758004401,16
61958010101,16
55390007001,16
60574411201,16
6461200,16
59439045502,16
61314001601,16
55390061320,16
338004804,16
409146301,16
74488810,16
9311602,16
11980021105,16
51079058820,16
39822904501,16
173095396,16
6009268,16
50458039060,16
60505258700,16
173044600,16
66993000860,16
87015846,16
75770060,16
456333001,16
378015601,16
60505265400,16
83001630,16
591354060,16
65024620,16
66043115,16
168005615,16
72810015,16
173037835,16
38779003504,16
50458040101,16
186014001,16
25146134,16
78049561,15
62856060001,15
60432046608,15
55390005401,15
17478020020,15
2140701,15
67386050152,15
74443705,15
50419035510,15
74464601,15
62701080001,15
74471302,15
338071134,15
264780010,15
54350547,15
574012004,15
527155201,15
51079003920,15
71374066,15
186502228,15
51079019120,15
46047081,15
54868381600,15
58160083501,15
59630020010,15
63304099501,15
68084037421,15
69073166,15
51079007020,15
59762172001,15
88216030,15
54458111,15
3515405,15
78040134,15
339565712,15
88120343,15
364071605,15
61570004935,15
24208050510,15
378911693,15
59390018650,15
536252525,15
50484052730,15
74488710,15
63323001201,15
55390056090,15
54884504,15
9722402,15
67457021102,14
409117630,14
66302010101,14
409159304,14
52054033010,14
121059530,14
781137113,14
574202001,14
54092017312,14
59746011209,14
50458032006,14
74227811,14
49938010230,14
87060942,14
52604109501,14
34051625,14
59772246302,14
51079063320,14
74312000660,14
49999004830,14
182121301,14
904588861,14
45064265,14
74712613,14
67781025101,14
61314020415,14
32192482,14
574704512,14
64455099395,14
48102000735,14
67099012,14
168001631,14
168005815,14
54569470200,14
49011528,14
44206310110,14
74910420,14
4035009,14
63323042610,14
49281040010,14
61314064725,14
2756101,14
63323011710,13
63323013210,13
54569527900,13
55390016210,13
63481020516,13
173010793,13
60951065616,13
395224391,13
72571208,13
49345019,13
60432013325,13
3196401,13
54868308400,13
61113074228,13
378616001,13
59572010512,13
49398041,13
93874101,13
597000302,13
24090047188,13
54569328200,13
54335050,13
7489120,13
48580701,13
6043268,13
49702020218,13
63010002770,13
115191101,13
591557101,13
32449201,13
52152001902,13
998020315,13
65027505,13
168002135,13
168006015,13
10019025012,13
74509216,13
61703024350,13
409955810,13
173045900,13
172375473,12
75800180,12
24059120,12
18006333453,12
50242005121,12
703301812,12
703040402,12
59730420201,12
703441211,12
54372763,12
66479024725,12
264310511,12
338102141,12
32909094503,12
574012174,12
67286081201,12
85124402,12
185019301,12
58016030000,12
10147170007,12
74949202,12
536479301,12
4024515,12
38697601501,12
54569439800,12
49281038215,12
54868397600,12
65473069701,12
31782463,12
54868229700,12
9766304,12
61113045158,12
54396011111,12
93542088,12
172443160,12
37440101,12
85058481,12
182101701,12
87607411,12
8412501,12
7401020,12
65039602,12
24208054505,12
998035415,12
45802075930,12
54569405200,12
65649040130,12
54569146000,12
641032025,12
590032435,12
66758001604,12
59730560101,12
597004724,12
53014067870,12
25208000202,12
149003005,12
48580601,12
182005301,12
187000714,11
472075516,11
50383081016,11
409152202,11
59572030101,11
55390009010,11
409329906,11
173026427,11
4050109,11
575620030,11
50242013468,11
52046002,11
54881501,11
74307331,11
61553074004,11
145150405,11
67618015001,11
74614309,11
37024130,11
74606202,11
591359360,11
55289075130,11
65649010102,11
186091542,11
85073604,11
884044904,11
51079072420,11
51079096020,11
9045003,11
3161212,11
781143913,11
32420511,11
51079043420,11
574011215,11
51079028020,11
6026706,11
51079000320,11
49884067314,11
54868439600,11
87665201,11
89030710,11
62037087201,11
904775960,11
48114013,11
29485220,11
172433260,11
78033806,11
93519401,11
53489055201,11
54868089801,11
187093801,11
29320713,11
29320613,11
71108813,11
168003631,11
168007115,11
781707787,11
4691206,11
63323026801,11
74206605,11
68516320003,11
58468010002,11
3196601,11
8451001,10
781627043,10
78035752,10
78038725,10
50419051106,10
58406005030,10
78018325,10
310037851,10
12136000910,10
472153304,10
93031101,10
64764024060,10
65197000101,10
55289078860,10
172524160,10
51079010220,10
55887019190,10
60793001108,10
173046400,10
78049471,10
456430008,10
51079016320,10
51079095720,10
50458055010,10
60793011501,10
62584075101,10
9006406,10
143148001,10
7447120,10
7550040,10
46086699,10
51079008220,10
50458022001,10
597002901,10
172433360,10
93519501,10
781523864,10
51672412401,10
24208027715,10
24208058060,10
63395010105,10
52544047108,10
378911916,10
168008031,10
29152544,10
168005546,10
85057502,10
781320695,10
54372144,10
25021021350,10
63323054201,10
63481037710,10
8072801,10
57665033101,9
11980080103,9
703505401,9
46326510,9
186103201,9
67286005308,9
641245045,9
9037301,9
641227741,9
641041025,9
186190601,9
186024044,9
338055311,9
24571010305,9
65003508,9
10038011734,9
603545921,9
51079067820,9
54007928,9
54092018701,9
54569405900,9
186037220,9
93514001,9
51248015001,9
781103213,9
63304082790,9
50111032501,9
904205159,9
173080725,9
3515406,9
57706075423,9
49884029812,9
51079041520,9
6021468,9
5921823,9
34051725,9
904227260,9
78033706,9
8005910,9
182090401,9
51079069120,9
54873325,9
54482014407,9
61314004475,9
11980001105,9
52959058605,9
93688871,9
574722406,9
62542637,9
60258015101,9
168000580,9
3063441,9
15733912,9
517305025,9
186012201,9
6057362,9
88177849,9
173045301,9
409233610,9
62401002,9
905180410,9
703485211,9
13533064520,8
17314960001,8
63323027810,8
904401408,8
74621702,8
7440106,8
409651001,8
48433023015,8
44101201,8
9316906,8
74454102,8
15301238,8
45025301,8
9338101,8
24107501,8
68220014015,8
168005960,8
2322930,8
677059802,8
182168189,8
68084024301,8
85140201,8
597006761,8
85138507,8
54092017212,8
60793001114,8
766150020,8
66658023407,8
87665001,8
555013809,8
78005405,8
781104701,8
54002821,8
49938010201,8
781197201,8
51079006920,8
54569272600,8
68084004401,8
71035024,8
71035060,8
54873725,8
93078405,8
456045963,8
781144213,8
5927029,8
54092025390,8
85174701,8
83002730,8
85093381,8
53169010501,8
89014910,8
49162030,8
3059320,8
24208075060,8
998020415,8
998035515,8
61570003310,8
168000680,8
270055615,8
66435020115,8
61570041601,8
74245351,8
74318301,8
205530594,8
8103007,8
703280403,8
50419005030,8
54643582000,8
55513014801,8
39506002260,8
781176413,8
51672200306,8
469520230,8
944058101,8
58160082011,8
9043624,8
85045804,8
59148007091,7
54317763,7
51927274200,7
409311831,7
63459039120,7
9752901,7
55566504001,7
703831503,7
4196201,7
3256016,7
10019069102,7
54317644,7
3080110,7
51991040516,7
15321230,7
11980004815,7
60267060066,7
6778433,7
74146301,7
10148010200,7
74672903,7
17317038904,7
496074804,7
65079515,7
68188093190,7
904525530,7
17478071310,7
603478221,7
53746014101,7
186074382,7
57480030001,7
87667117,7
87667417,7
555059001,7
364073990,7
59911587001,7
58016069000,7
46047199,7
51842530,7
26063203,7
78010305,7
54017613,7
78044905,7
3052411,7
52604341601,7
54870825,7
52959040250,7
54802625,7
59676056001,7
9376103,7
677176801,7
74714913,7
87003901,7
50419010111,7
52152002002,7
54868442102,7
62756035664,7
51079084020,7
168008930,7
517083001,7
17478020012,7
78034445,7
182504749,7
10157992002,7
74231660,7
93026415,7
299383528,7
51672127406,7
72026006,7
58063060050,7
7521006,7
9307301,7
409233725,7
54819316,7
87667317,7
8290002191,7
74234301,7
66490069010,7
51079065720,7
430002324,7
69265041,7
364064901,7
64980013009,7
54569446601,7
998063006,7
168006060,7
10019048202,7
409120301,7
68850001001,7
904628061,7
555027202,7
54868596800,7
50419000201,7
66479052001,6
67386041151,6
13310011907,6
67386091151,6
703443411,6
182616840,6
74364103,6
300364101,6
186085981,6
36000000124,6
9003928,6
517113001,6
61570004710,6
310037951,6
173042400,6
168020160,6
677053333,6
9521301,6
11980077905,6
5535960,6
51079063120,6
54868534800,6
85052503,6
173067200,6
93312501,6
4026948,6
6057143,6
88177749,6
54391005009,6
472173803,6
58281056301,6
51845030,6
60793070210,6
50458055110,6
7489320,6
78035580,6
48580501,6
173044602,6
536337701,6
54834625,6
60793011701,6
9006412,6
5460923,6
50458058010,6
173046002,6
51079056520,6
178061001,6
677000301,6
57480042401,6
4110150,6
781197501,6
50242006401,6
51479004601,6
32421011,6
87003244,6
51079055620,6
13010111,6
51079058001,6
51285053422,6
536435805,6
61314034202,6
83232062,6
58914050056,6
62436052330,6
168004046,6
54816303,6
54569364400,6
64116003106,6
39822015101,6
66479013619,6
300334601,6
409427602,6
63304020518,6
54629014510,6
67033322,6
54884816,6
409592101,6
63323001115,6
182137640,6
38779041004,6
372000604,6
54482005301,6
75020062,6
186429100,6
8417704,6
87667217,6
49281024010,6
25172003,6
93017456,6
10432006501,6
186077739,6
8021201,6
51672126403,6
65064435,6
67211010201,6
456060010,6
409909431,6
51079037520,6
591048701,6
51079059720,6
173073500,6
472037045,6
45025549,6
703315401,5
85177701,5
10019004603,5
300364201,5
68152010100,5
55390004501,5
703468501,5
517345025,5
78001633,5
4081095,5
66733094823,5
409020120,5
63323028565,5
409650901,5
121058104,5
15300220,5
55390009110,5
75245153,5
55390060502,5
66758000802,5
9085608,5
168020130,5
378504191,5
52544049401,5
4080285,5
677084601,5
71023724,5
187355510,5
149000977,5
4201509,5
26066430,5
66658023428,5
74007402,5
56001170,5
51079013020,5
31425064,5
78040215,5
9007301,5
54569454303,5
591566101,5
456046163,5
50383017290,5
143145801,5
87607211,5
18860034201,5
54569265700,5
24208063562,5
32192824,5
713052612,5
62535101,5
65063136,5
51672208001,5
50222026006,5
23114501,5
63323018510,5
64116003906,5
10019004502,5
26819763,5
173051900,5
54569407300,5
59627000103,5
63323029766,5
59676034001,5
3056902,5
2050101,5
26815120,5
51079011820,5
51079058920,5
65197000201,5
54092018980,5
32170801,5
8881200441,5
68774060001,5
51672402201,5
3085222,5
555027102,5
24208027507,5
472011720,5
781320995,5
50458030611,5
50458030811,5
52604710403,5
5010441,5
9307303,5
74321302,5
51079090220,5
54569325100,5
67546011132,5
54569430700,5
168031230,5
54853416,5
74427501,5
264196510,4
409190301,4
63323032520,4
173040000,4
50383082316,4
85117902,4
59676020101,4
49344019,4
187310130,4
409488810,4
72690505,4
24208036705,4
50458022304,4
182070201,4
63395020113,4
51079014820,4
59572020594,4
364115001,4
536480101,4
904027760,4
26066420,4
11098050701,4
54569466100,4
54569533900,4
74909461,4
67386031001,4
555095202,4
904624261,4
430016724,4
74390413,4
51079057201,4
83007932,4
24230110,4
781143713,4
71027024,4
51079056620,4
78035834,4
9361703,4
51079020220,4
51079080820,4
172717149,4
93538506,4
66213042510,4
186045028,4
407193103,4
63010001027,4
51079000920,4
904420260,4
8039004,4
9000202,4
85048781,4
173075600,4
172571010,4
24385080701,4
49452080001,4
34549006,4
11980046925,4
43068011304,4
7315518,4
168000815,4
72254006,4
58980061030,4
12547015012,4
472037145,4
46037406,4
63004773101,4
7313116,4
50458030711,4
6337666,4
59572010201,4
74744501,4
55390006002,4
6354120,4
26858231,4
16563009802,4
54569102500,4
8092681,4
3010150,4
59762502601,4
57664017508,4
378622001,4
781215901,4
585067502,4
71170316,4
55513002304,4
66521020002,4
364049490,4
555090201,4
4026349,4
54802525,4
78047015,4
115211101,4
364031401,4
187301330,4
258371101,4
17478010112,4
574711212,4
299383545,4
45802005435,4
54315440,4
49281025051,4
6482700,4
50633012011,4
29657126,4
63323065210,4
67457021501,4
74428202,4
78031706,4
364074090,4
37205098869,4
54860425,4
13700112,4
7411713,4
11980002205,4
299382045,4
310037720,4
8103003,4
6354114,4
89061012,4
49278041,4
54868503400,4
8103008,4
409978903,4
27434003185,3
703418301,3
67467084304,3
54569104600,3
55513022101,3
409904202,3
50242013460,3
63323061710,3
83380104,3
603153258,3
55390010110,3
409339732,3
409741803,3
87565041,3
60432054660,3
50458029515,3
58768088115,3
395100391,3
24208043405,3
327001105,3
10223020101,3
5075323,3
51079060220,3
46047399,3
185072001,3
75006037,3
89081521,3
59366279103,3
121067304,3
58016103201,3
2897101,3
13533063402,3
641048225,3
378041501,3
10147088106,3
93748520,3
57844091401,3
59075063010,3
53169010260,3
781103410,3
87120213,3
364049690,3
52604341701,3
71041813,3
4110116,3
51079020320,3
51079020120,3
68462035901,3
64125012101,3
677117401,3
173056900,3
173057000,3
173073002,3
19810000790,3
93721201,3
55326020025,3
52604710001,3
58406068316,3
58914015575,3
186103401,3
703003104,3
703005104,3
63323022930,3
61570054002,3
703301513,3
71241823,3
10019003574,3
60977011501,3
55390003310,3
50242006101,3
2762301,3
61958030101,3
59676032004,3
10019087315,3
469281030,3
60977011202,3
83260901,3
8030302,3
2704001,3
67425000210,3
88120876,3
79511050204,3
68188093590,3
24135202,3
57706075323,3
378012901,3
555058901,3
81027455,3
62794010150,3
6489400,3
68546031730,3
58160082611,3
51079009420,3
6007131,3
31890163,3
43068010202,3
63481007270,3
17236088901,3
59148000216,3
54422125,3
904580961,3
67386080202,3
17314585102,3
173038701,3
7411719,3
536391801,3
69080860,3
173056200,3
555900942,3
51079063420,3
54002025,3
52544007730,3
59741030912,3
54877605,3
53303009030,3
472038045,3
703292503,3
61570041451,3
54813104,3
74444005,3
7336344,3
54329450,3
641236541,3
49452192001,3
61147800903,3
61703022543,3
69311019,3
28105014904,3
78022644,3
4024648,3
61570011156,3
17314930001,3
456067299,3
58281056104,3
8033901,3
51991041702,3
781144113,3
143119550,3
52604512501,3
245016212,3
74231650,3
23031207,3
472037015,3
703680104,3
74427001,3
409176102,3
641036925,3
517037510,3
43068010602,3
8412601,3
78017905,3
24123305,3
51079009220,3
386000103,3
781143613,3
65483011607,2
50419035703,2
63304065325,2
143987201,2
517381025,2
65009205,2
63323076350,2
13111410,2
169368512,2
2821101,2
46287001401,2
55390041010,2
472097716,2
74436510,2
93519974,2
55390003410,2
364737672,2
338001308,2
172496058,2
69098038,2
172438310,2
597006861,2
39010411,2
88177947,2
25273231,2
25382012634,2
66213042316,2
51079032301,2
51285069702,2
677168201,2
78005406,2
57844018701,2
65473075401,2
71041724,2
597003928,2
28007201,2
15456098004,2
54019813,2
52015008001,2
49702020718,2
63459020001,2
54873525,2
173069100,2
68734070010,2
904506260,2
173067502,2
9026002,2
65021535,2
998031105,2
65074112,2
496071604,2
51672126705,2
34234003,2
168007938,2
89020025,2
4196501,2
74410401,2
24155001,2
409904502,2
9347501,2
61570054120,2
23916330,2
409318101,2
58468010001,2
12539011501,2
54813916,2
63481062410,2
63323006420,2
10019004604,2
58406062307,2
59762372802,2
168021560,2
536126296,2
406990762,2
149000705,2
51079012520,2
186107509,2
310072010,2
75008200,2
781100813,2
456005001,2
51079012420,2
52604510001,2
59075062510,2
516009201,2
69080760,2
430075227,2
87003231,2
904125161,2
536468301,2
63459054128,2
68734071010,2
168003830,2
74245107,2
186151503,2
34234019,2
62535001,2
62017512,2
472038115,2
469520130,2
54569198900,2
4196301,2
409263450,2
74332901,2
59148001665,2
63323029730,2
781183801,2
55390000501,2
173065644,2
78034184,2
703430102,2
74405101,2
74329406,2
61570014610,2
54569191701,2
54368663,2
62617051520,2
409741903,2
54569122400,2
24208029525,2
93075601,2
364202690,2
66860090203,2
55513003904,2
555097102,2
536467801,2
536376701,2
32102301,2
88117547,2
26858188,2
68546014256,2
17314850101,2
173073001,2
24208039407,2
61451501507,2
23031304,2
168026615,2
472037115,2
60492005201,2
74449803,2
3029305,2
364301247,2
42023011801,2
49281064015,2
536185097,2
66479052101,2
409335601,2
68258912401,2
59338077510,2
63323027205,2
85057102,2
55390004210,2
15321530,2
61703022680,2
75062403,2
51079074320,2
76336045517,2
51079022220,2
83006332,2
50242006201,2
63402030430,2
34050010,2
26848858,2
46087221,2
58468466301,2
68094021762,2
62584014201,2
17478015142,2
781328379,1
63459060010,1
74118701,1
469882030,1
8117901,1
55390003010,1
13551050105,1
66302020603,1
54868476800,1
74298905,1
4018809,1
24120006,1
63323023420,1
536127096,1
10337065010,1
52604800206,1
53014025001,1
51079058620,1
69077038,1
63459050430,1
7315613,1
49281080083,1
173063535,1
28010561,1
85043104,1
54822225,1
24008401,1
26851448,1
93910729,1
51079009120,1
66490069110,1
49884065001,1
63010001030,1
69267041,1
258362501,1
456046201,1
51079029220,1
21695000230,1
51285003893,1
310028039,1
58980062570,1
24208045725,1
17478020510,1
78037742,1
713016612,1
51672126302,1
527172874,1
74567304,1
186041201,1
54315540,1
27505000165,1
3049420,1
15733812,1
55566840101,1
74318201,1
9347503,1
409317802,1
54627050230,1
78033931,1
67457019015,1
9509101,1
88250033,1
55390047510,1
517234010,1
74334603,1
63323030656,1
12496075701,1
54569535100,1
60432054760,1
74381901,1
3097252,1
548909010,1
264190955,1
61570030031,1
472003616,1
51284062022,1
64212008,1
11026263804,1
168005760,1
145430001,1
182070389,1
2323930,1
69098030,1
59075068110,1
4007901,1
78040605,1
58406043504,1
49281000610,1
49281000950,1
83005932,1
78044705,1
51079095801,1
4024126,1
173052600,1
173004535,1
59572030250,1
68027761,1
25010071115,1
54569288100,1
781178513,1
50458058601,1
53169010360,1
50111052901,1
63304055201,1
51285076993,1
781164413,1
4592001,1
16500053504,1
44087081808,1
17478029111,1
247108052,1
6015030,1
472040115,1
74416901,1
9074635,1
469352530,1
54092041808,1
54838000530,1
9041701,1
409420101,1
58468035703,1
409477886,1
55390014301,1
15300120,1
15301020,1
59630045016,1
24059010,1
703408511,1
15347530,1
66479002356,1
26431202,1
17478071012,1
75245001,1
58768078815,1
93065801,1
378720001,1
186430100,1
258363801,1
59366274201,1
135051101,1
78034261,1
310072025,1
78034905,1
51079053120,1
185027101,1
59075061530,1
34050510,1
69266041,1
50458057810,1
91353201,1
8413901,1
24208079062,1
998020815,1
536135012,1
51079029072,1
76329301205,1
65065435,1
63323018610,1
88115003,1
6335645,1
57665000202,1
3067371,1
3218710,1
44206310101,1
121177510,1
44206043605,1
173013093,1
406991816,1
944270007,1
703702103,1
409118069,1
57902024901,1
6775331,1
39822041206,1
469511601,1
74405201,1
63323049089,1
51079058720,1
78037366,1
781200001,1
58468470901,1
81027255,1
85137001,1
74433902,1
51079062485,1
74347303,1
55513002801,1
591571401,1
54818025,1
24123105,1
65473098004,1
62141101,1
74605713,1
536623772,1
78036545,1
430301015,1
168006460,1
13533061803,1
78035084,1
55390040320,1
55390056605,1
54569188401,1
13533061810,1
67066000501,1
52769057466,1
121065304,1
4024009,1
4082009,1
78034161,1
409405101,1
60977001701,1
2727125,1
68180020203,1
54881755,1
60574310101,1
72140085731,1
49999074704,1
50383063550,1
67400101,1
54348254,1
17478006412,1
173033602,1
173049900,1
52959053614,1
13010501,1
61570018601,1
68084038801,1
781143813,1
24225304,1
15050401,1
15330009406,1
51285094288,1
65649030141,1
245015401,1
52544063028,1
904125061,1
34121030,1
83006132,1
10122090212,1
17478021612,1
998031515,1
574410310,1
472040015,1
904792638,1
11793752202,1
469087130,1
55390088110,1
63323047820,1
58406000201,1
409212288,1
